<PatientInfo>
  <PatientInfo>
    <PatientID>1</PatientID>
    <PatientName>Mr Abced</PatientName>
    <PatientDOB>1984-08-10T00:00:00</PatientDOB>
    <Gender>Male      </Gender>
    <PostalCode>3000      </PostalCode>
    <City>Melbourne </City>
    <Ward>W101      </Ward>
    <Bed>B10       </Bed>
    <Unit>General   </Unit>
    <AdmissionDate>1894-07-16T00:00:00</AdmissionDate>
    <DischargeDate>1894-06-16T00:00:00</DischargeDate>
    <Treatingdoctor>Sr.MH1</Treatingdoctor>
  </PatientInfo>
  <PatientInfo>
    <PatientID>2</PatientID>
    <PatientName>Ms FdggREOTBCD</PatientName>
    <PatientDOB>1979-05-10T00:00:00</PatientDOB>
    <Gender>Female    </Gender>
    <PostalCode>3000      </PostalCode>
    <City>Melbourne </City>
    <Ward>W181      </Ward>
    <Bed>B10       </Bed>
    <Unit>Ortho     </Unit>
    <AdmissionDate>1894-07-16T00:00:00</AdmissionDate>
    <DischargeDate>1894-06-16T00:00:00</DischargeDate>
    <Treatingdoctor>Sr.MH1</Treatingdoctor>
  </PatientInfo>
  <PatientInfo>
    <PatientID>3</PatientID>
    <PatientName>Ms Angela</PatientName>
    <PatientDOB>1989-01-10T00:00:00</PatientDOB>
    <Gender>Female    </Gender>
    <PostalCode>3000      </PostalCode>
    <City>Melbourne </City>
    <Ward>W181      </Ward>
    <Bed>B2        </Bed>
    <Unit>Ortho     </Unit>
    <AdmissionDate>1894-07-16T00:00:00</AdmissionDate>
    <DischargeDate>1894-06-16T00:00:00</DischargeDate>
    <Treatingdoctor>Sr.MH1</Treatingdoctor>
  </PatientInfo>
  <PatientInfo>
    <PatientID>4</PatientID>
    <PatientName>Mr GHTTF</PatientName>
    <PatientDOB>1894-08-10T00:00:00</PatientDOB>
    <Gender>Male      </Gender>
    <PostalCode>3000      </PostalCode>
    <City>Melbourne </City>
    <Ward>W20       </Ward>
    <Bed>B2        </Bed>
    <Unit>ENT       </Unit>
    <AdmissionDate>1894-07-16T00:00:00</AdmissionDate>
    <DischargeDate>1894-06-16T00:00:00</DischargeDate>
    <Treatingdoctor>Sr.MH1</Treatingdoctor>
  </PatientInfo>
</PatientInfo>