<PatientInfo>
  <PatientInfo>
    <PatientID>3</PatientID>
    <PatientName>Mr ABCD</PatientName>
    <PatientDOB>1894-08-20T00:00:00</PatientDOB>
    <Gender>Male      </Gender>
    <PostalCode>3000      </PostalCode>
    <City>Melbourne </City>
    <Ward>W103      </Ward>
    <Bed>B09       </Bed>
    <Unit>In-Patient</Unit>
    <AdmissionDate>1894-07-04T00:00:00</AdmissionDate>
    <DischargeDate>1894-07-05T00:00:00</DischargeDate>
    <Treatingdoctor>Sr.MH1</Treatingdoctor>
  </PatientInfo>
  <PatientInfo>
    <PatientID>4</PatientID>
    <PatientName>Mr AGREOTBCD</PatientName>
    <PatientDOB>1894-08-10T00:00:00</PatientDOB>
    <Gender>Male      </Gender>
    <PostalCode>3000      </PostalCode>
    <City>Melbourne </City>
    <Ward>W103      </Ward>
    <Bed>B09       </Bed>
    <Unit>In-Patient</Unit>
    <AdmissionDate>1894-07-11T00:00:00</AdmissionDate>
    <DischargeDate>1894-07-12T00:00:00</DischargeDate>
    <Treatingdoctor>Sr.MH1</Treatingdoctor>
  </PatientInfo>
  <PatientInfo>
    <PatientID>5</PatientID>
    <PatientName>Mr FdggREOTBCD</PatientName>
    <PatientDOB>1894-08-10T00:00:00</PatientDOB>
    <Gender>Male      </Gender>
    <PostalCode>3000      </PostalCode>
    <City>Melbourne </City>
    <Ward>W181      </Ward>
    <Bed>B10       </Bed>
    <Unit>In-Patient</Unit>
    <AdmissionDate>1894-07-16T00:00:00</AdmissionDate>
    <DischargeDate>1894-06-16T00:00:00</DischargeDate>
    <Treatingdoctor>Sr.MH1</Treatingdoctor>
  </PatientInfo>
</PatientInfo>